{"K": [[706.2709276516672, 0.0, 278.66729982197285], [0.0, 706.2709276516672, 417.496280670166], [0.0, 0.0, 1.0]], "c2w": [[1.0, 0.0, 0.0, 0.0], [0.0, 1.0, 0.0, 0.0], [0.0, 0.0, 1.0, 0.0], [0.0, 0.0, 0.0, 1.0]], "W": 425, "H": 640}